{
	"partitions" : [
		{
			"name" : "Top",
			"pins" : [
				{
					"name" : "hex0[0]",
					"strict" : false
				},
				{
					"name" : "hex0[1]",
					"strict" : false
				},
				{
					"name" : "hex0[2]",
					"strict" : false
				},
				{
					"name" : "hex0[3]",
					"strict" : false
				},
				{
					"name" : "hex0[4]",
					"strict" : false
				},
				{
					"name" : "hex0[5]",
					"strict" : false
				},
				{
					"name" : "hex0[6]",
					"strict" : false
				},
				{
					"name" : "hex1[0]",
					"strict" : false
				},
				{
					"name" : "hex1[1]",
					"strict" : false
				},
				{
					"name" : "hex1[2]",
					"strict" : false
				},
				{
					"name" : "hex1[3]",
					"strict" : false
				},
				{
					"name" : "hex1[4]",
					"strict" : false
				},
				{
					"name" : "hex1[5]",
					"strict" : false
				},
				{
					"name" : "hex1[6]",
					"strict" : false
				},
				{
					"name" : "hex2[0]",
					"strict" : false
				},
				{
					"name" : "hex2[1]",
					"strict" : false
				},
				{
					"name" : "hex2[2]",
					"strict" : false
				},
				{
					"name" : "hex2[3]",
					"strict" : false
				},
				{
					"name" : "hex2[4]",
					"strict" : false
				},
				{
					"name" : "hex2[5]",
					"strict" : false
				},
				{
					"name" : "hex2[6]",
					"strict" : false
				},
				{
					"name" : "hex5[0]",
					"strict" : false
				},
				{
					"name" : "hex5[1]",
					"strict" : false
				},
				{
					"name" : "hex5[2]",
					"strict" : false
				},
				{
					"name" : "hex5[3]",
					"strict" : false
				},
				{
					"name" : "hex5[4]",
					"strict" : false
				},
				{
					"name" : "hex5[5]",
					"strict" : false
				},
				{
					"name" : "hex5[6]",
					"strict" : false
				},
				{
					"name" : "LEDR[0]",
					"strict" : false
				},
				{
					"name" : "LEDR[1]",
					"strict" : false
				},
				{
					"name" : "LEDR[2]",
					"strict" : false
				},
				{
					"name" : "LEDR[3]",
					"strict" : false
				},
				{
					"name" : "LEDR[4]",
					"strict" : false
				},
				{
					"name" : "LEDR[5]",
					"strict" : false
				},
				{
					"name" : "LEDR[6]",
					"strict" : false
				},
				{
					"name" : "LEDR[7]",
					"strict" : false
				},
				{
					"name" : "LEDR[8]",
					"strict" : false
				},
				{
					"name" : "switches[8]",
					"strict" : false
				},
				{
					"name" : "switches[9]",
					"strict" : false
				},
				{
					"name" : "clk",
					"strict" : false
				},
				{
					"name" : "rst",
					"strict" : false
				},
				{
					"name" : "button",
					"strict" : false
				},
				{
					"name" : "switches[0]",
					"strict" : false
				},
				{
					"name" : "key_enter",
					"strict" : false
				},
				{
					"name" : "switches[1]",
					"strict" : false
				},
				{
					"name" : "switches[2]",
					"strict" : false
				},
				{
					"name" : "switches[3]",
					"strict" : false
				},
				{
					"name" : "switches[4]",
					"strict" : false
				},
				{
					"name" : "switches[5]",
					"strict" : false
				},
				{
					"name" : "switches[6]",
					"strict" : false
				},
				{
					"name" : "switches[7]",
					"strict" : false
				},
				{
					"name" : "key_up",
					"strict" : false
				},
				{
					"name" : "key_down",
					"strict" : false
				}
			]
		}
	]
}